test/loss,test/acc,test/auroc,epoch,step
0.6358622312545776,0.7660322189331055,0.841579794883728,0,0
