pathway_id,input,output,property,arc,prediction
BIOMD0000000394,s123,s144,0,,0.0032982295
BIOMD0000000394,s123,s144,0,"('r17', 's129')",0.99995816
BIOMD0000000394,s123,s144,0,"('r17_Reverse', 's123')",0.012370641
BIOMD0000000394,s123,s144,0,"('s123', 'r17')",0.8790565
BIOMD0000000394,s123,s144,0,"('s129', 'r17_Reverse')",0.24374056
