test/loss,test/acc,test/auroc,epoch,step
0.35637450218200684,0.900201678276062,0.950299859046936,0,0
