test/loss,test/acc,test/auroc,epoch,step
0.6987246870994568,0.7677891850471497,0.8333011865615845,0,0
