test/loss,test/acc,test/auroc,epoch,step
0.5515219569206238,0.7543191909790039,0.8347241282463074,0,0
