test/loss,test/acc,test/auroc,epoch,step
0.2871186435222626,0.9137911200523376,0.9527221918106079,0,0
