test/loss,test/acc,test/auroc,epoch,step
0.28267601132392883,0.9133912324905396,0.9534536600112915,0,0
