test/loss,test/acc,test/auroc,epoch,step
0.6011749505996704,0.7164076566696167,0.6298059821128845,0,0
