test/loss,test/acc,test/auroc,epoch,step
0.7359091639518738,0.766325056552887,0.8376809358596802,0,0
