test/loss,test/acc,test/auroc,epoch,step
0.35752537846565247,0.8775297403335571,0.9380710124969482,0,0
