test/loss,test/acc,test/auroc,epoch,step
0.7058488726615906,0.4235500991344452,0.5157989263534546,0,0
