test/loss,test/acc,test/auroc,epoch,step
0.8226784467697144,0.37721678614616394,0.6270530223846436,0,0
