test/loss,test/acc,test/auroc,epoch,step
0.3374870717525482,0.922527551651001,0.9524627923965454,0,0
