test/loss,test/acc,test/auroc,epoch,step
0.33673274517059326,0.8894538283348083,0.9395880699157715,0,0
