test/loss,test/acc,test/auroc,epoch,step
0.4955148696899414,0.7458794116973877,0.8138372898101807,0,0
