test/loss,test/acc,test/auroc,epoch,step
0.8820583820343018,0.36837294697761536,0.6170076727867126,0,0
