test/loss,test/acc,test/auroc,epoch,step
0.6194653511047363,0.6489018797874451,0.7271434664726257,0,0
