test/loss,test/acc,test/auroc,epoch,step
0.8574500679969788,0.37342169880867004,0.620333731174469,0,0
