test/loss,test/acc,test/auroc,epoch,step
0.3794536888599396,0.8986716866493225,0.9471796751022339,0,0
