test/loss,test/acc,test/auroc,epoch,step
0.34040921926498413,0.8961679935455322,0.9433440566062927,0,0
