test/loss,test/acc,test/auroc,epoch,step
0.6573234796524048,0.7499268054962158,0.83514404296875,0,0
