test/loss,test/acc,test/auroc,epoch,step
0.6592891216278076,0.6512445211410522,0.7315624356269836,0,0
