test/loss,test/acc,test/auroc,epoch,step
0.34277650713920593,0.9110438227653503,0.9530768394470215,0,0
