test/loss,test/acc,test/auroc,epoch,step
0.33205828070640564,0.9008275866508484,0.9482132196426392,0,0
