test/loss,test/acc,test/auroc,epoch,step
0.5266011357307434,0.7280756831169128,0.8177269697189331,0,0
