test/loss,test/acc,test/auroc,epoch,step
0.5282005071640015,0.7449057698249817,0.8208440542221069,0,0
