test/loss,test/acc,test/auroc,epoch,step
0.6539088487625122,0.7751098275184631,0.8507440686225891,0,0
