test/loss,test/acc,test/auroc,epoch,step
0.5577719807624817,0.7401874661445618,0.831255316734314,0,0
