test/loss,test/acc,test/auroc,epoch,step
0.6134659051895142,0.7695460915565491,0.8492720127105713,0,0
