test/loss,test/acc,test/auroc,epoch,step
0.3000757098197937,0.918642520904541,0.952143669128418,0,0
