test/loss,test/acc,test/auroc,epoch,step
0.831718921661377,0.24786145985126495,0.6314156651496887,0,0
