test/loss,test/acc,test/auroc,epoch,step
0.6127676367759705,0.6467486619949341,0.7296797037124634,0,0
