test/loss,test/acc,test/auroc,epoch,step
0.4761844277381897,0.739130437374115,0.8610152006149292,0,0
