test/loss,test/acc,test/auroc,epoch,step
0.47505679726600647,0.7686110734939575,0.8581231832504272,0,0
