test/loss,test/acc,test/auroc,epoch,step
0.3562621474266052,0.8851182460784912,0.9459178447723389,0,0
