test/loss,test/acc,test/auroc,epoch,step
0.6857544779777527,0.7759882807731628,0.8544702529907227,0,0
