test/loss,test/acc,test/auroc,epoch,step
0.29137083888053894,0.9112723469734192,0.9536572694778442,0,0
