test/loss,test/acc,test/auroc,epoch,step
0.6340456008911133,0.7439953088760376,0.8309634327888489,0,0
