test/loss,test/acc,test/auroc,epoch,step
0.8445536494255066,0.3824061155319214,0.6420555710792542,0,0
