test/loss,test/acc,test/auroc,epoch,step
0.3489023447036743,0.9035398960113525,0.9516462087631226,0,0
