test/loss,test/acc,test/auroc,epoch,step
0.7335041165351868,0.7721815705299377,0.8530960083007812,0,0
