test/loss,test/acc,test/auroc,epoch,step
0.48939248919487,0.7330743074417114,0.8609934449195862,0,0
