test/loss,test/acc,test/auroc,epoch,step
0.6305899024009705,0.7847099900245667,0.8663937449455261,0,0
