test/loss,test/acc,test/auroc,epoch,step
0.4845884442329407,0.7644538283348083,0.8581566214561462,0,0
