test/loss,test/acc,test/auroc,epoch,step
0.6040948629379272,0.6673499345779419,0.7330347299575806,0,0
