test/loss,test/acc,test/auroc,epoch,step
0.6060411334037781,0.6544656157493591,0.7260466814041138,0,0
