test/loss,test/acc,test/auroc,epoch,step
0.7024234533309937,0.5403017997741699,0.6365458369255066,0,0
