test/loss,test/acc,test/auroc,epoch,step
0.4465617835521698,0.7611402869224548,0.8702179789543152,0,0
