test/loss,test/acc,test/auroc,epoch,step
0.6439015865325928,0.7557833194732666,0.8371270895004272,0,0
