test/loss,test/acc,test/auroc,epoch,step
0.3498568832874298,0.8917246460914612,0.9471969604492188,0,0
