test/loss,test/acc,test/auroc,epoch,step
0.3775911331176758,0.8796160817146301,0.9318965077400208,0,0
