test/loss,test/acc,test/auroc,epoch,step
0.287487655878067,0.9224132895469666,0.9521360397338867,0,0
