test/loss,test/acc,test/auroc,epoch,step
0.6992911696434021,0.4237188994884491,0.5206389427185059,0,0
