test/loss,test/acc,test/auroc,epoch,step
0.5225926637649536,0.7515994310379028,0.8211545944213867,0,0
