test/loss,test/acc,test/auroc,epoch,step
0.26872751116752625,0.9266453385353088,0.9556677341461182,0,0
