test/loss,test/acc,test/auroc,epoch,step
0.3154614269733429,0.9129292368888855,0.9426656365394592,0,0
