test/loss,test/acc,test/auroc,epoch,step
0.6751207709312439,0.7856515645980835,0.8554368019104004,0,0
