test/loss,test/acc,test/auroc,epoch,step
0.3346289396286011,0.9036165475845337,0.9415019750595093,0,0
