test/loss,test/acc,test/auroc,epoch,step
0.7145901918411255,0.4237188994884491,0.525483250617981,0,0
