test/loss,test/acc,test/auroc,epoch,step
0.7550727725028992,0.4237188994884491,0.5480964183807373,0,0
