test/loss,test/acc,test/auroc,epoch,step
0.3749482333660126,0.8862925171852112,0.9495515823364258,0,0
