test/loss,test/acc,test/auroc,epoch,step
0.38298630714416504,0.8884484171867371,0.9397048354148865,0,0
