test/loss,test/acc,test/auroc,epoch,step
0.7165015339851379,0.5271096229553223,0.6158795952796936,0,0
