test/loss,test/acc,test/auroc,epoch,step
0.3288130462169647,0.8935253024101257,0.9497787356376648,0,0
