test/loss,test/acc,test/auroc,epoch,step
0.3130306005477905,0.9073873162269592,0.9440930485725403,0,0
