test/loss,test/acc,test/auroc,epoch,step
0.3501863479614258,0.9116151332855225,0.9498482346534729,0,0
