test/loss,test/acc,test/auroc,epoch,step
0.4083404541015625,0.8677329421043396,0.9309431910514832,0,0
