test/loss,test/acc,test/auroc,epoch,step
0.7258999347686768,0.4237188994884491,0.5133305788040161,0,0
