test/loss,test/acc,test/auroc,epoch,step
0.3100249767303467,0.8999657034873962,0.9381422996520996,0,0
