test/loss,test/acc,test/auroc,epoch,step
0.5721596479415894,0.7496429085731506,0.6067266464233398,0,0
