test/loss,test/acc,test/auroc,epoch,step
0.5005285739898682,0.7672995328903198,0.821663498878479,0,0
