test/loss,test/acc,test/auroc,epoch,step
0.3668132424354553,0.8783642649650574,0.9398791790008545,0,0
