test/loss,test/acc,test/auroc,epoch,step
0.33669808506965637,0.8918561935424805,0.9480578303337097,0,0
