test/loss,test/acc,test/auroc,epoch,step
0.6845906972885132,0.5716670155525208,0.6404198408126831,0,0
