test/loss,test/acc,test/auroc,epoch,step
0.2844798266887665,0.926588237285614,0.9490405917167664,0,0
