test/loss,test/acc,test/auroc,epoch,step
0.5921966433525085,0.7604685425758362,0.8364605903625488,0,0
